<?xml version='1.0' encoding='UTF-8'?>
<?artifactRepository version='1.1.0'?>
<repository name='file:/D:/Softwares/training/drools-connector/target/update-site/ - artifacts' type='org.eclipse.equinox.p2.artifact.repository.simpleRepository' version='1'>
  <properties size='2'>
    <property name='p2.timestamp' value='1474353855961'/>
    <property name='p2.compressed' value='false'/>
  </properties>
  <mappings size='3'>
    <rule filter='(&amp; (classifier=osgi.bundle))' output='${repoUrl}/plugins/${id}_${version}.jar'/>
    <rule filter='(&amp; (classifier=binary))' output='${repoUrl}/binary/${id}_${version}'/>
    <rule filter='(&amp; (classifier=org.eclipse.update.feature))' output='${repoUrl}/features/${id}_${version}.jar'/>
  </mappings>
  <artifacts size='2'>
    <artifact classifier='org.eclipse.update.feature' id='org.mule.tooling.ui.extension.drools-connector.3.5.0' version='1.0.0.201609201214'>
      <properties size='4'>
        <property name='artifact.size' value='644'/>
        <property name='download.size' value='644'/>
        <property name='download.md5' value='cb6ef76edfeb7a5b36b89f1a04ca8a6f'/>
        <property name='download.contentType' value='application/zip'/>
      </properties>
    </artifact>
    <artifact classifier='osgi.bundle' id='org.mule.tooling.ui.contribution.drools.3.5.0' version='1.0.0.201609201214'>
      <properties size='3'>
        <property name='artifact.size' value='628695'/>
        <property name='download.size' value='628695'/>
        <property name='download.md5' value='096fc71d9035af4f03f4ba7217415ad6'/>
      </properties>
    </artifact>
  </artifacts>
</repository>
